cosmology_parameters_cosmology_name,detector_parameters_background_noise,detector_parameters_ccd_gain,detector_parameters_exposure_time,detector_parameters_magnitude_zero_point,detector_parameters_num_exposures,detector_parameters_pixel_scale,detector_parameters_read_noise,detector_parameters_sky_brightness,main_deflector_parameters_M200,main_deflector_parameters_center_x,main_deflector_parameters_center_y,main_deflector_parameters_dec_0,main_deflector_parameters_e1,main_deflector_parameters_e2,main_deflector_parameters_gamma,main_deflector_parameters_gamma1,main_deflector_parameters_gamma2,main_deflector_parameters_ra_0,main_deflector_parameters_theta_E,main_deflector_parameters_z_lens,psf_parameters_fwhm,psf_parameters_psf_type,seed,source_parameters_R_sersic,source_parameters_center_x,source_parameters_center_y,source_parameters_e1,source_parameters_e2,source_parameters_magnitude,source_parameters_n_sersic,source_parameters_output_ab_zeropoint,source_parameters_z_source
planck18,,4.5,6000,25,100,0.18,2.2222222222222223,20.1,10000000000000.0,0.08021001649302198,0.059640910616364666,0.0,-0.11581748679542246,-0.14196800966542583,1.9636875520911712,0.08636033159027962,-0.014342231009137904,0.0,0.9074488743637916,0.5,0.67,GAUSSIAN,"(1521618311,)",0.2973459944572252,0.25112353655416253,0.2594848917973969,-0.0525303480593172,0.1658855426692549,-25.594926325544517,2.6455507129563336,25,1.9519716226052135
planck18,,4.5,6000,25,100,0.18,2.2222222222222223,20.1,10000000000000.0,0.2700717458239581,0.04740827701189356,0.0,0.012452025225644753,-0.01550547266222503,1.9559630199536677,0.0056565513003694855,-0.051909778948317824,0.0,1.1221072908448946,0.5,0.67,GAUSSIAN,"(1521618311, 1)",0.3106271068727696,-0.07939247786697774,0.06098664490077356,0.07896143960127686,-0.09448446863910254,-25.782569490854836,2.172394468887333,25,2.066647339090492
planck18,,4.5,6000,25,100,0.18,2.2222222222222223,20.1,10000000000000.0,-0.22550394734691967,0.10427196114847548,0.0,-0.046182290237743506,-0.054793725585472214,2.0798201175607245,-0.011280764431881241,0.07522909038127906,0.0,1.2673196504223805,0.5,0.67,GAUSSIAN,"(1521618311, 2)",0.34533552907760423,0.0908444726527212,0.09502640150248681,-0.016806324632611648,-0.03528180786868434,-24.50838466965316,2.9936956736923106,25,2.3022713985240757
planck18,,4.5,6000,25,100,0.18,2.2222222222222223,20.1,10000000000000.0,0.07363908923686042,0.0977224684765425,0.0,-0.01798387371967544,-0.023454697602124132,1.8272156998872027,-0.06333251680947571,0.003492609665594403,0.0,1.2812117876097089,0.5,0.67,GAUSSIAN,"(1521618311, 3)",0.30312865312985454,-0.12600557149137487,0.10469152808997853,-0.04154260272315801,-0.1098121274897077,-21.538566375628193,3.0966576151906136,25,1.9937442730617454
planck18,,4.5,6000,25,100,0.18,2.2222222222222223,20.1,10000000000000.0,-0.547735583623376,-0.04256794565289879,0.0,-0.06846414053801544,-0.09579487610703269,2.0032081161667823,-0.0024845312128992077,0.0406149221880162,0.0,1.1024202867924562,0.5,0.67,GAUSSIAN,"(1521618311, 4)",0.2605820793174704,-0.11834706852097046,-0.2520204637454258,-0.20093185750427198,0.059417758646980415,-21.236111172629172,3.118666581801931,25,2.126190382552028
planck18,,4.5,6000,25,100,0.18,2.2222222222222223,20.1,10000000000000.0,0.17164792105556867,-0.0991931579944082,0.0,-0.1932673473938735,-0.07898115252810078,2.055167566908984,0.06299539955725549,0.003770565609408197,0.0,1.2347077375903612,0.5,0.67,GAUSSIAN,"(1521618311, 5)",0.4061013876319084,-0.13756840729131,-0.16264477098514482,0.19035314839292933,-0.04099979232512226,-24.865244134784263,2.141106771008029,25,1.884372214244395
planck18,,4.5,6000,25,100,0.18,2.2222222222222223,20.1,10000000000000.0,0.013584826194181504,0.06792185146334168,0.0,0.024354770556127513,0.07686004954380511,2.0311034532483747,-0.051382398565423204,0.020035316631571074,0.0,1.32057103901495,0.5,0.67,GAUSSIAN,"(1521618311, 6)",0.33207646570650007,0.24067659269062977,0.21285495364081872,0.05836878567723938,0.06474032299940508,-25.950972259832152,3.158284573141557,25,2.093734940073393
planck18,,4.5,6000,25,100,0.18,2.2222222222222223,20.1,10000000000000.0,-0.01206729603343652,0.2545485510484665,0.0,-0.028982921320880525,-0.0003037152380432089,2.0301206913981784,0.019311420294175333,-0.0035786688115725103,0.0,1.3388884518108746,0.5,0.67,GAUSSIAN,"(1521618311, 7)",0.3665007441224074,-0.054319313357341185,0.131457801254995,0.04161545735767963,0.0031945787150658776,-22.076903750297458,2.7313873320483144,25,2.1138686110388614
planck18,,4.5,6000,25,100,0.18,2.2222222222222223,20.1,10000000000000.0,0.13299752781143065,-0.17507969542119178,0.0,-0.09257967867961495,-0.12237828472380259,1.8333528572742983,-0.006344191717628043,0.040579619276011065,0.0,0.9748658960011288,0.5,0.67,GAUSSIAN,"(1521618311, 8)",0.31847210514535845,0.16958389296960757,0.0837191771797835,0.2029301059268256,0.018150189506674637,-23.391614537052522,3.4154641389967706,25,2.3076670666869092
planck18,,4.5,6000,25,100,0.18,2.2222222222222223,20.1,10000000000000.0,-0.2049335290284272,0.14124523654791374,0.0,0.06810417612279822,-0.0791663925132452,2.098338202013382,-0.09938287018149278,0.09310340849618985,0.0,1.1312278749568656,0.5,0.67,GAUSSIAN,"(1521618311, 9)",0.3782829496113969,0.24713320202512384,0.09984493250255293,0.2185923917207636,0.11059484492407715,-25.345610694220408,2.8734525961376227,25,2.160347990204418
planck18,,4.5,6000,25,100,0.18,2.2222222222222223,20.1,10000000000000.0,-0.19243557330746047,0.025514393892877688,0.0,-0.02596714892770857,0.10677522016375429,1.9600712433238427,0.005497644330325856,-0.07541335038065078,0.0,1.1578315101004297,0.5,0.67,GAUSSIAN,"(1521618311, 10)",0.349448614256541,0.06309237128955882,-0.16103571271416886,0.026044625244189552,-0.007837952222410464,-25.533806862006827,2.9805966701437394,25,2.370551269689095
planck18,,4.5,6000,25,100,0.18,2.2222222222222223,20.1,10000000000000.0,0.13282295444960915,0.08116254739858318,0.0,0.09620979130024315,0.12320807495755737,2.0766520541650313,-0.09928348069228285,0.11075605144065166,0.0,1.1817143748730217,0.5,0.67,GAUSSIAN,"(1521618311, 11)",0.39838699605887706,-0.46362583952913095,0.2250416299316489,-0.007947922458463019,0.0474034684133843,-21.170622523789124,3.2176771263494985,25,2.3903155492995483
planck18,,4.5,6000,25,100,0.18,2.2222222222222223,20.1,10000000000000.0,0.14004237872639713,-0.039654728624834774,0.0,0.10688434629933496,0.22270301426001932,1.9722127692390123,0.04983717745139283,-0.06891416399867319,0.0,1.1367402843018493,0.5,0.67,GAUSSIAN,"(1521618311, 12)",0.4226222202981522,-0.014992810556532952,0.3341894837891474,0.03938677289195203,0.1097536114040758,-23.503625317530076,2.233998060277929,25,2.456918762551487
planck18,,4.5,6000,25,100,0.18,2.2222222222222223,20.1,10000000000000.0,-0.07718647184358202,0.32101952852982024,0.0,0.14305617939101842,-0.02004958885815747,2.0062965371246193,-0.03696341013857143,0.00931123624122824,0.0,1.3039423511726775,0.5,0.67,GAUSSIAN,"(1521618311, 13)",0.3502722199871045,-0.2596836207782064,-0.1847668072117382,0.07979426034933854,-0.014016019677471271,-22.063187339751963,3.4709513073236646,25,1.8967887896930746
planck18,,4.5,6000,25,100,0.18,2.2222222222222223,20.1,10000000000000.0,0.053183798668560184,0.11938807580532056,0.0,0.2873923066904618,-0.2518225317386396,1.9192662709921535,-0.04260390711112752,-0.017980718487354382,0.0,1.0523246548018839,0.5,0.67,GAUSSIAN,"(1521618311, 14)",0.290135480668121,-0.027300465870550614,-0.019168945806225683,0.06955993521702603,-0.022829113833895437,-24.204164943400382,2.1797027619174396,25,1.7558847687506272
planck18,,4.5,6000,25,100,0.18,2.2222222222222223,20.1,10000000000000.0,0.0033224188008818163,-0.13660772815624234,0.0,-0.13446498699866727,0.003292017745636616,2.0128024361379557,0.02267790697074268,-0.01513275077569733,0.0,1.0315218429024156,0.5,0.67,GAUSSIAN,"(1521618311, 16)",0.3408394072294171,0.022769176832591137,0.05945330432420909,-0.042908940726692886,0.08692318826757257,-22.41556950246551,2.6807036065716634,25,1.7433072736263544
planck18,,4.5,6000,25,100,0.18,2.2222222222222223,20.1,10000000000000.0,-0.03127866266821332,-0.07245009551254743,0.0,0.02294201735949679,-0.27931707079915646,2.030926726320472,0.06018863509269541,-0.03989015348767335,0.0,1.2421286386396568,0.5,0.67,GAUSSIAN,"(1521618311, 17)",0.3535415385355804,0.0642600895894015,0.3623011210155733,-0.14130428736603923,0.12033220723580595,-23.610615491048833,3.064536952916608,25,1.9444676807941523
planck18,,4.5,6000,25,100,0.18,2.2222222222222223,20.1,10000000000000.0,0.17774429183058962,0.4281721738459153,0.0,0.05293828294886264,-0.053130221736821914,1.9000052612486038,-0.014469435393498153,0.05280239911472348,0.0,1.2934104812538212,0.5,0.67,GAUSSIAN,"(1521618311, 18)",0.2850074929951702,-0.19933887338863276,0.1683625325244177,-0.041016036566221326,0.07576809735793746,-21.624013938710902,3.044717782170554,25,2.0027647676815388
planck18,,4.5,6000,25,100,0.18,2.2222222222222223,20.1,10000000000000.0,0.20499950091306582,-0.012906438371659792,0.0,0.01663723658350331,0.029747024874319922,1.8821532118005182,-0.020437415308790795,0.02081494770347514,0.0,1.0906101850507028,0.5,0.67,GAUSSIAN,"(1521618311, 19)",0.2595535706683002,-0.022165079396993023,0.030702815314307297,-0.12057389933421465,0.06764231140881621,-21.535063778429453,3.9063767617707925,25,1.5909414407295661
planck18,,4.5,6000,25,100,0.18,2.2222222222222223,20.1,10000000000000.0,0.27122866363751835,-0.00016094154350603974,0.0,0.04164279026885547,0.2018187295712456,2.0612869374873415,0.035312110096957665,-0.023062390587517655,0.0,1.21970089522447,0.5,0.67,GAUSSIAN,"(1521618311, 20)",0.2562407374298625,0.134707621900846,-0.1969063928102417,-0.14838883431462446,-0.01713917850030873,-25.69020923207639,3.4360253667525518,25,1.7057236548786316
planck18,,4.5,6000,25,100,0.18,2.2222222222222223,20.1,10000000000000.0,-0.042698635060331655,-0.2888974093851948,0.0,0.03350288125668893,-0.1417400004046472,1.9745531120244992,-0.05533154079266711,-0.012003097912173358,0.0,1.1741579678219454,0.5,0.67,GAUSSIAN,"(1521618311, 21)",0.3227686347673466,0.33259691757999377,-0.33930868410079557,-0.1453263073035954,-0.043472806928000235,-25.633270262764366,2.5746761625638626,25,1.8429619858582746
planck18,,4.5,6000,25,100,0.18,2.2222222222222223,20.1,10000000000000.0,-0.04312559214129443,-0.22326851474032047,0.0,-0.09516665766938548,-0.07975620403961203,1.9167670869098363,0.01407292854633433,0.009895520367906755,0.0,1.2341855392228158,0.5,0.67,GAUSSIAN,"(1521618311, 22)",0.3014114961815888,0.2332205883248684,-0.041399863853095326,0.04588106942208695,-0.09782304751796804,-21.157888810377322,3.010624554563092,25,2.4687963126497383
planck18,,4.5,6000,25,100,0.18,2.2222222222222223,20.1,10000000000000.0,-0.2705306693385453,0.06165181496734699,0.0,0.03920838181852329,0.074201115692166,2.0201076675258514,0.03223409300327645,-0.011571843798956212,0.0,0.963196817372151,0.5,0.67,GAUSSIAN,"(1521618311, 23)",0.4114237679914691,-0.08628255139566751,0.11896624756545107,-0.08303769450338623,-0.05443991240246049,-21.013094817469668,3.5441072325862617,25,2.2964179813123304
planck18,,4.5,6000,25,100,0.18,2.2222222222222223,20.1,10000000000000.0,0.05478201353301504,0.025028452364737705,0.0,0.03324215805527826,-0.028772600282405466,1.8860649943703693,-0.009125581709091104,0.007183497216452665,0.0,1.1844513382582817,0.5,0.67,GAUSSIAN,"(1521618311, 24)",0.345499644802542,-0.09152587011363489,-0.004384121918535316,0.10724031786673549,-0.08535549209443893,-21.792746203521673,3.1090471144746417,25,2.104508659680742
planck18,,4.5,6000,25,100,0.18,2.2222222222222223,20.1,10000000000000.0,0.017888436014493983,-0.07206783623851061,0.0,-0.050734709745059,0.041671074288635555,1.9443983300682703,0.0013246182189203739,0.04490153595681416,0.0,1.0503776111680674,0.5,0.67,GAUSSIAN,"(1521618311, 25)",0.3670939417941237,0.04339718734624538,-0.07094445734968939,0.17739526818154666,-0.11764452185957662,-25.34179993860576,4.135558708265674,25,1.7245403651208824
planck18,,4.5,6000,25,100,0.18,2.2222222222222223,20.1,10000000000000.0,0.32742864529568183,0.09782499643409544,0.0,0.052358165996552054,0.052463018356071034,2.1388740717398202,-0.023309542445132597,-0.020249311811724402,0.0,1.2373258876559752,0.5,0.67,GAUSSIAN,"(1521618311, 26)",0.35160729249438205,0.17055853188076164,-0.07068991345318146,0.08076179807622987,-0.02778292235754882,-22.233931432170873,3.1007966585750397,25,1.772757151545604
planck18,,4.5,6000,25,100,0.18,2.2222222222222223,20.1,10000000000000.0,0.053675389290157006,0.403640369652812,0.0,0.04776539152224389,0.07056612333215277,1.7930501762304965,0.06151644926619629,-0.029602221672370893,0.0,1.3814851836530813,0.5,0.67,GAUSSIAN,"(1521618311, 27)",0.3729933059696579,0.11518455477015449,0.10415175860900322,0.007220948281778471,-0.15612529466542782,-24.444987774724183,3.4770196791074217,25,2.197713449291629
planck18,,4.5,6000,25,100,0.18,2.2222222222222223,20.1,10000000000000.0,0.08842268173522193,0.0385272006446854,0.0,0.08197656388368106,0.25674516361005023,2.115486551215189,-0.03630167082013751,0.04542902949740059,0.0,1.2128213791108378,0.5,0.67,GAUSSIAN,"(1521618311, 28)",0.35455438158738806,-0.1291991188035107,-0.0409711886990847,0.03407245627579689,-0.08485737999601381,-24.827036017278235,3.547469167445921,25,1.8729820815432625
planck18,,4.5,6000,25,100,0.18,2.2222222222222223,20.1,10000000000000.0,0.03922921589726146,0.03619693719650067,0.0,-0.14210923317229887,-0.07158988851137821,2.0216121627550456,0.0030740223654739263,0.06308765270768202,0.0,1.2931045367319625,0.5,0.67,GAUSSIAN,"(1521618311, 29)",0.3238185581232054,-0.15141394080122003,0.2312204573329914,0.04855779512532267,0.07857495639026824,-22.77115316301799,2.7370754305393707,25,2.201996089228239
planck18,,4.5,6000,25,100,0.18,2.2222222222222223,20.1,10000000000000.0,0.17027017786614476,0.2443965008902949,0.0,0.2248293497769609,0.03671474316751832,1.9758867974538363,0.04710679939349489,0.04212759064147399,0.0,1.483545288325201,0.5,0.67,GAUSSIAN,"(1521618311, 30)",0.3094312702219114,-0.004480506750348798,-0.00958925222714787,0.014835965092826834,-0.02351730124009496,-24.15976424971428,3.248363041157643,25,1.7423044963332321
planck18,,4.5,6000,25,100,0.18,2.2222222222222223,20.1,10000000000000.0,0.0690089585783116,-0.15675478428001052,0.0,0.03286496133637455,-0.02370105695077343,1.9813338823299738,-0.007772099148615538,-0.011533786844633848,0.0,0.9144326934313104,0.5,0.67,GAUSSIAN,"(1521618311, 31)",0.2995503386647589,0.20206597101841453,0.19863993568822458,-0.12863289053687152,-0.14200466647020069,-23.532409376377544,2.7732192070845283,25,1.6347321928625003
planck18,,4.5,6000,25,100,0.18,2.2222222222222223,20.1,10000000000000.0,-0.0283486930984245,-0.021126024093600475,0.0,0.15526131727559253,-0.10119531684373068,2.0132926852367246,0.07886923263400707,-0.12358538849678623,0.0,0.9910811913848714,0.5,0.67,GAUSSIAN,"(1521618311, 32)",0.31360673892408386,0.1216510406449762,0.11328330062596177,-0.12197426470980857,0.0011160291392861574,-23.907603956469362,3.184341971464599,25,2.081427481495942
planck18,,4.5,6000,25,100,0.18,2.2222222222222223,20.1,10000000000000.0,0.2790603029904322,-0.17032996597412012,0.0,-0.009428071723991497,0.018987248924953088,2.0601421267590516,0.03691085382802556,-0.012924175954603882,0.0,1.0590472602490408,0.5,0.67,GAUSSIAN,"(1521618311, 33)",0.3075803061623592,-0.1345191379267105,-0.06218909056274077,-0.036408577951205494,-0.27217785549240836,-22.373442734030995,3.230250392346386,25,2.553235240795107
planck18,,4.5,6000,25,100,0.18,2.2222222222222223,20.1,10000000000000.0,-0.2681329458785931,-0.08867573989047163,0.0,-0.017273788453183187,-0.03899342313668698,2.015790325178499,0.03598611921354593,0.029479925289228565,0.0,1.163513371647036,0.5,0.67,GAUSSIAN,"(1521618311, 34)",0.2930479769613606,-0.022140767949290322,-0.11199261960155706,0.1404706721253623,-0.01406043892676323,-22.005848101137964,3.531324797077775,25,1.610068659544317
planck18,,4.5,6000,25,100,0.18,2.2222222222222223,20.1,10000000000000.0,-0.12655411634503314,0.10099085697046084,0.0,0.06681034643804205,0.15881190505639822,2.198385168534659,0.05807859000391841,-0.017794304751492494,0.0,0.8039164715111303,0.5,0.67,GAUSSIAN,"(1521618311, 35)",0.3493506350701578,0.11558019103802464,0.17132897612396772,0.12293314789600661,0.03438700316054976,-24.47773591026712,2.5173725077710203,25,1.6027639269101208
planck18,,4.5,6000,25,100,0.18,2.2222222222222223,20.1,10000000000000.0,0.22262385625264658,-0.07724665485855828,0.0,-0.03549609646242348,-0.010898732354267152,2.0413434025612918,-0.02203424616626563,-0.0084322636785429,0.0,0.8875840722070791,0.5,0.67,GAUSSIAN,"(1521618311, 36)",0.306645831458676,-0.0021668612627309945,0.01946534883637705,0.11350717553752357,-0.028801928398762375,-24.277827777259414,3.2395428839864637,25,2.4110255165712164
planck18,,4.5,6000,25,100,0.18,2.2222222222222223,20.1,10000000000000.0,-0.03492585823127459,-0.0501535704121779,0.0,-0.017494288517801406,0.14678912085069182,2.0414499131538735,-0.02237396045839677,-0.028625317532658637,0.0,1.2403748945639828,0.5,0.67,GAUSSIAN,"(1521618311, 37)",0.32085768716068824,0.07888014403626507,0.0207330347946673,-0.014801313179330556,0.03317053214527854,-21.984740753997055,2.6222135969938307,25,2.1659589977827864
planck18,,4.5,6000,25,100,0.18,2.2222222222222223,20.1,10000000000000.0,-0.05488290605720481,0.09426190965121783,0.0,-0.03581782960386942,-0.05344256461560766,2.216977687813685,-0.03832428381493699,0.06295352792478859,0.0,1.1417081636711168,0.5,0.67,GAUSSIAN,"(1521618311, 38)",0.3370784824776124,-0.18446435153749735,-0.05870906563079003,0.15805100453017057,0.019814808768249752,-22.72173991505433,3.2419185115557987,25,1.995661351922115
planck18,,4.5,6000,25,100,0.18,2.2222222222222223,20.1,10000000000000.0,-0.07802000388945554,0.2127486487882091,0.0,-0.066592591365706,0.20664449301679824,2.058072958149534,0.029860433296357198,0.062109040846482735,0.0,1.1279097287578381,0.5,0.67,GAUSSIAN,"(1521618311, 39)",0.3609287094926376,-0.05051030907262221,-0.04615288773114457,0.022393970531129723,0.05762859064807041,-23.496163784385434,2.94279196885205,25,2.925851096257572
planck18,,4.5,6000,25,100,0.18,2.2222222222222223,20.1,10000000000000.0,0.2092555759459434,-0.4217875937665197,0.0,-0.011798207452646458,-0.014371630783202853,1.9922615282974463,0.020750308819208658,-0.03646788666927301,0.0,1.0947875678096994,0.5,0.67,GAUSSIAN,"(1521618311, 40)",0.4114168951225643,-0.041197687196662336,0.07180272805429176,0.007243162679730579,0.2379634366545095,-24.06818536446437,2.8609900803814705,25,1.6685007536650611
planck18,,4.5,6000,25,100,0.18,2.2222222222222223,20.1,10000000000000.0,-0.1032328945341753,-0.1662721227016017,0.0,0.10590592100838768,0.09806793346702415,2.0908674565392844,0.04439762895634355,-0.002634209955999625,0.0,1.2092489373594202,0.5,0.67,GAUSSIAN,"(1521618311, 41)",0.38956908999753675,-0.07487023588839724,0.3530374704088211,-0.08419757610902302,-0.005676804840582663,-21.43461577380002,2.880788073900501,25,1.8281490272671121
planck18,,4.5,6000,25,100,0.18,2.2222222222222223,20.1,10000000000000.0,0.027496113820584586,0.09349273940179668,0.0,0.12652010677639,-0.033096753041128496,1.8591396055823655,-0.005004656100293436,-0.026096667710791156,0.0,0.9712439989348891,0.5,0.67,GAUSSIAN,"(1521618311, 42)",0.35508204278374955,-0.27306217540551414,-0.21136089000444636,-0.04668636466567316,-0.14223409393103742,-22.82362690394106,3.7936407734321387,25,1.6872027663599398
planck18,,4.5,6000,25,100,0.18,2.2222222222222223,20.1,10000000000000.0,-0.24708899118442745,0.01736174567265855,0.0,0.03746558490718606,0.02904760324432769,1.8902989930400729,-0.1624525720949158,0.04084958185082823,0.0,1.1436501942014847,0.5,0.67,GAUSSIAN,"(1521618311, 43)",0.3382780470153869,-0.09475017920457118,0.07684433121036408,0.11612675933348474,0.10630336684820717,-21.197495553589274,2.171062757322887,25,2.3003724384783117
planck18,,4.5,6000,25,100,0.18,2.2222222222222223,20.1,10000000000000.0,-0.28534732325495565,0.0870380360286602,0.0,0.07447120125755384,-0.033851532576470264,1.8815352796849683,-0.07822813774018104,-0.03503847747254175,0.0,1.2659448142125334,0.5,0.67,GAUSSIAN,"(1521618311, 44)",0.3252657911985012,0.09488347997071145,-0.05208858936835863,-0.030292122071634866,-0.07497658860550285,-21.81782888981393,2.8745279894031883,25,1.0768260182426306
planck18,,4.5,6000,25,100,0.18,2.2222222222222223,20.1,10000000000000.0,0.05422905312285363,-0.15313651930207584,0.0,0.2559215328263383,-0.10549317636952155,1.9915399180440032,0.018431230350266396,0.042210211114768234,0.0,1.3059145241530352,0.5,0.67,GAUSSIAN,"(1521618311, 45)",0.38616235477862415,-0.22108263726767036,0.12252719913066773,-0.12332044146320219,-0.021592936455384636,-22.377283361696886,2.8910496759691435,25,2.1765113320893823
planck18,,4.5,6000,25,100,0.18,2.2222222222222223,20.1,10000000000000.0,-0.1136665823698939,0.08463599762783135,0.0,0.1943989917539201,-0.07826484892361849,2.0262947417654327,-0.08393925103307741,0.03200980878071674,0.0,1.0208063760688804,0.5,0.67,GAUSSIAN,"(1521618311, 46)",0.32465629812078606,-0.27459431203537227,0.008965454576385536,-0.1970290771807947,-0.08053926701031643,-25.545023791521412,3.0721186029363374,25,1.9864345775910088
planck18,,4.5,6000,25,100,0.18,2.2222222222222223,20.1,10000000000000.0,0.07704565751709067,-0.08571779416395689,0.0,-0.07989779980193229,0.0925357080656543,1.9543002330609027,0.0471179743365617,0.012281372037010603,0.0,1.2744645468850833,0.5,0.67,GAUSSIAN,"(1521618311, 47)",0.35991383328625154,-0.06828115644076477,0.1265833019847338,0.15804290785842118,0.03410990053382347,-23.826573837828413,2.7035846204805742,25,1.5373276435905932
planck18,,4.5,6000,25,100,0.18,2.2222222222222223,20.1,10000000000000.0,-0.088084057611074,0.21893718504763865,0.0,-0.04803264252545479,0.14166873683039966,1.7877953509430289,0.06532021583911833,-0.05356122675855151,0.0,0.7899553816940457,0.5,0.67,GAUSSIAN,"(1521618311, 48)",0.37612916863015794,-0.13026587832457998,-0.26692279300241306,0.02799310057465676,-0.13519720495726736,-24.52163310614364,1.9165241157963606,25,1.8958361238039367
planck18,,4.5,6000,25,100,0.18,2.2222222222222223,20.1,10000000000000.0,0.20288425621050277,0.19878536743633404,0.0,0.01180842389700887,0.008654391516700702,2.0504431830684764,0.02468118069399003,-0.034444872638952205,0.0,1.0343914908130634,0.5,0.67,GAUSSIAN,"(1521618311, 49)",0.42297808756981675,0.17712826071513096,-0.07899850507187388,-0.09732417883512044,0.08439337008378452,-24.471311923042713,1.8728223207075871,25,2.191282556516223
planck18,,4.5,6000,25,100,0.18,2.2222222222222223,20.1,10000000000000.0,0.22290561095197203,-0.1105875865282422,0.0,0.027027872979898355,0.06940800838922422,2.0297309232049874,-0.08425296193224677,-0.013821917700460316,0.0,0.9972963940036833,0.5,0.67,GAUSSIAN,"(1521618311, 50)",0.3182519089121515,-0.061216672895042026,0.1368349996172252,0.04759459481547505,-0.0040510486619687435,-24.029167204341963,2.6527809342740283,25,2.109300227724492
planck18,,4.5,6000,25,100,0.18,2.2222222222222223,20.1,10000000000000.0,0.18832917872031743,0.21122566795486428,0.0,-0.06359258650949377,0.10170106367098951,2.0409492868547656,0.10269721003804799,0.031137002875556652,0.0,1.0603368578741859,0.5,0.67,GAUSSIAN,"(1521618311, 51)",0.3053776802274217,-0.005773337448932756,0.2545659473429881,-0.03915968741169645,0.06662503275336108,-21.66510143393813,2.5734352823483895,25,1.4498350420774941
planck18,,4.5,6000,25,100,0.18,2.2222222222222223,20.1,10000000000000.0,-0.18370643426053943,0.2066032771757295,0.0,0.05420668339544356,0.015433980539452594,2.0073276372991073,-0.022524941406428203,0.013318063580808934,0.0,1.3552509021410573,0.5,0.67,GAUSSIAN,"(1521618311, 52)",0.31756985363715357,0.037659850632479584,0.0010842168396494668,-0.1203165920382542,0.014783226658291515,-21.989633516300795,3.2107293286504563,25,1.6883236376815645
planck18,,4.5,6000,25,100,0.18,2.2222222222222223,20.1,10000000000000.0,-0.07236582866801525,-0.06231206384123131,0.0,-0.23500257000334712,0.09967955665052763,1.901888890060469,-0.061253532486563636,0.013001960269810878,0.0,1.2330937858547673,0.5,0.67,GAUSSIAN,"(1521618311, 53)",0.3305873782312326,0.30432210742690347,-0.04662638626281462,-0.05938317814891662,0.1676513248586639,-25.74581091324636,3.881780671669211,25,1.8279177540518021
planck18,,4.5,6000,25,100,0.18,2.2222222222222223,20.1,10000000000000.0,-0.1056245509396547,0.10328054527578981,0.0,0.2551997083070368,-0.21849243576619273,2.0958110501396368,-0.020762535411355188,-0.014318925944377057,0.0,1.066013020638426,0.5,0.67,GAUSSIAN,"(1521618311, 54)",0.3073316776594985,0.026922672588994202,0.062143016307591364,0.056170635132599026,-0.15622805854130076,-23.35749326123066,3.388309193567783,25,1.5959090612260372
planck18,,4.5,6000,25,100,0.18,2.2222222222222223,20.1,10000000000000.0,0.16573233110730926,-0.017936885677359755,0.0,-0.02726514695115655,0.039373927952326866,1.8680031433727937,-0.04444623525770777,0.05451237237562652,0.0,0.904766826700493,0.5,0.67,GAUSSIAN,"(1521618311, 55)",0.35219739550744666,-0.06866843994769206,-0.07854611602294809,-0.05637376448493312,-0.1882650663487946,-23.086809550106636,2.583893915586432,25,1.9894518429095112
planck18,,4.5,6000,25,100,0.18,2.2222222222222223,20.1,10000000000000.0,-0.043192397187458285,-0.1463131554955269,0.0,-0.16135967304877857,-0.059945699102599274,1.9537824172249605,0.12459477357309581,-0.00342727494878399,0.0,1.2397560549558544,0.5,0.67,GAUSSIAN,"(1521618311, 56)",0.3014605576663513,0.01086967239738628,0.1838445628476966,-0.0033206070154561933,-0.1245480346209153,-21.695490590351323,2.673133523025604,25,1.4231276584065329
planck18,,4.5,6000,25,100,0.18,2.2222222222222223,20.1,10000000000000.0,-0.005949449798994826,0.06857277705988983,0.0,0.06441254919145659,0.09111501782451326,1.9919077221397068,-0.016764771624266,0.041443301535358384,0.0,1.2901178503761126,0.5,0.67,GAUSSIAN,"(1521618311, 57)",0.3779861727818717,-0.09254122421635799,0.30309792003088626,-0.059378200498615724,-0.1790889515411841,-21.306859407032142,3.9398437563537483,25,1.694452513716667
planck18,,4.5,6000,25,100,0.18,2.2222222222222223,20.1,10000000000000.0,-0.15305922488059712,0.09333162307620846,0.0,-0.001409746840308146,-0.0020335954712422813,1.988912292694376,-0.031978344140162256,0.02625246829082872,0.0,1.0177756269611478,0.5,0.67,GAUSSIAN,"(1521618311, 58)",0.3236213533053513,-0.18077483752756315,-0.06741074924608073,-0.06744462570706408,0.023300848036930333,-23.61725102534841,2.6948447499695556,25,2.1981146573992913
planck18,,4.5,6000,25,100,0.18,2.2222222222222223,20.1,10000000000000.0,-0.1923205539560765,-0.0763844611943675,0.0,-0.05059969767780487,-0.023654110204406352,1.82469103565955,0.023278117184291368,0.02143023173786647,0.0,1.0221995358180123,0.5,0.67,GAUSSIAN,"(1521618311, 59)",0.3035275556348047,-0.22002723578561856,-0.14890582729139884,-0.12686533586658233,0.07339978148433444,-25.698720852303232,3.6383936376238983,25,2.996360523992906
planck18,,4.5,6000,25,100,0.18,2.2222222222222223,20.1,10000000000000.0,0.058048240855683664,0.05809563438637625,0.0,-0.04117675151765412,0.13043161256872085,1.9092614729618074,-0.04408584851180909,-0.03465343546806555,0.0,1.0348233563169809,0.5,0.67,GAUSSIAN,"(1521618311, 60)",0.3597028987338762,-0.13560892130648727,-0.1464171568476579,-0.030178486874121585,-0.13487469545121905,-22.360776174012525,2.9882010360215134,25,1.84732906825132
planck18,,4.5,6000,25,100,0.18,2.2222222222222223,20.1,10000000000000.0,-0.1302109673303966,0.007725518471378975,0.0,0.08925013105701989,-0.18980801804512615,2.0183811095394364,-0.035211733399003624,-0.053180315188993244,0.0,1.0282935038519732,0.5,0.67,GAUSSIAN,"(1521618311, 61)",0.27424970139174465,0.11575823091632252,-0.013903990017015365,-0.046130440742614964,-0.11868439973485663,-21.648093001204053,3.2322386624723807,25,2.204452284883601
planck18,,4.5,6000,25,100,0.18,2.2222222222222223,20.1,10000000000000.0,-0.036511556982904675,0.0374619191873927,0.0,-0.05674863311576925,-0.049872984900864774,1.9728346860972215,0.006996254975357101,0.03579911628793242,0.0,1.2242971872890502,0.5,0.67,GAUSSIAN,"(1521618311, 62)",0.3395619660226382,-0.10779012968307791,-0.09222592990520355,-0.03546700654019185,0.07723300265482579,-22.959677578690037,3.062763883438675,25,2.263893406177582
planck18,,4.5,6000,25,100,0.18,2.2222222222222223,20.1,10000000000000.0,0.1879400192226663,0.08016354160378587,0.0,-0.024728827659598048,0.02449790796718467,1.8915869321786647,0.058692089214437485,-0.0008553512312067847,0.0,0.8893498416686348,0.5,0.67,GAUSSIAN,"(1521618311, 63)",0.3266218048204125,-0.07596438797159132,-0.0577357129935402,0.1666746543631766,0.01651686068723578,-25.602088183167243,3.716419180050054,25,2.4356447537763293
planck18,,4.5,6000,25,100,0.18,2.2222222222222223,20.1,10000000000000.0,0.15677107662369544,0.3224735029278189,0.0,0.15585050258359368,0.06497560941393854,1.8552938998028985,0.025661070549861633,0.021337887141665058,0.0,1.0280857093770177,0.5,0.67,GAUSSIAN,"(1521618311, 64)",0.39382468509308105,-0.04869439095034382,-0.05223489521807932,-0.07682317109603404,-0.024665198473696904,-25.71619186774261,3.0221515881722056,25,2.410081260311005
planck18,,4.5,6000,25,100,0.18,2.2222222222222223,20.1,10000000000000.0,-0.29320452751162174,-0.027604887791220688,0.0,0.061314890466052555,-0.004862346184108042,1.96300955393042,0.014644025392807368,-0.009652333170401577,0.0,1.325585838892924,0.5,0.67,GAUSSIAN,"(1521618311, 66)",0.37668942884645906,-0.20184894086436,0.0506256604959095,0.15329506536701773,0.14526785317465996,-22.259971104860906,2.677307102892952,25,1.5528309298099376
planck18,,4.5,6000,25,100,0.18,2.2222222222222223,20.1,10000000000000.0,0.1966257212575403,-0.04592860956712554,0.0,0.06542376325395435,0.08254426603031881,1.8076583016547096,0.13237938480021025,0.08119429882447951,0.0,1.0967891321800827,0.5,0.67,GAUSSIAN,"(1521618311, 67)",0.3348489670367038,-0.045289744708985176,0.20221176416875214,-0.0463832462333873,0.06538236932844628,-25.469134148140856,2.72707932885009,25,1.7924799994414213
planck18,,4.5,6000,25,100,0.18,2.2222222222222223,20.1,10000000000000.0,0.021636561313574502,0.22146849964685547,0.0,0.07337718115031051,0.001957192126822353,1.9407089699092204,0.07391975138801189,-0.014530049156232325,0.0,0.9544533487614857,0.5,0.67,GAUSSIAN,"(1521618311, 68)",0.40562714095918945,0.0506652578209886,0.04611430719981862,-0.11675594838679307,0.01335150221751825,-24.797296620633485,2.6383086787451737,25,2.066395913943613
planck18,,4.5,6000,25,100,0.18,2.2222222222222223,20.1,10000000000000.0,0.05503577799533619,0.06060472720945016,0.0,0.012050872698994962,0.02726421673340486,1.9398284298290855,-0.05599363233911793,0.07083860435315918,0.0,1.0230792984145665,0.5,0.67,GAUSSIAN,"(1521618311, 69)",0.29342848494350116,0.04383776758331928,0.14349291681946605,-0.14225584145457681,-0.031612741466465186,-21.28724052428341,2.932398821068477,25,2.1121881349050167
planck18,,4.5,6000,25,100,0.18,2.2222222222222223,20.1,10000000000000.0,-0.06325961616885731,-0.02649701086325977,0.0,-0.07713077131157942,0.06503487101665396,1.9584660563786793,-0.0459407118745625,0.021816516483525755,0.0,0.9628318038671027,0.5,0.67,GAUSSIAN,"(1521618311, 70)",0.3003062348026851,-0.1374066376158192,-0.07906422455483213,-0.14681866979072797,0.08701989361800347,-22.60386936192597,3.1123052320849993,25,2.2705665078420987
planck18,,4.5,6000,25,100,0.18,2.2222222222222223,20.1,10000000000000.0,0.03548629550654326,-0.19755711309865626,0.0,0.1595892742633911,0.03555008604248938,2.086431999591402,0.024565011606918458,-0.09112673007840438,0.0,1.111698560330943,0.5,0.67,GAUSSIAN,"(1521618311, 71)",0.3146227365053569,-0.0013299181842963952,-0.11893262551436182,0.07613210524105478,-0.1296082131415595,-22.602347440173098,3.982037488258471,25,1.8597547345898389
planck18,,4.5,6000,25,100,0.18,2.2222222222222223,20.1,10000000000000.0,-0.00829091269490848,-0.014173238777030193,0.0,0.0013597581717718012,0.032005318927540424,1.712120399788671,-0.047203797118973684,0.01642531555014298,0.0,1.0381702955431116,0.5,0.67,GAUSSIAN,"(1521618311, 72)",0.35016651590047887,-0.12471308748927296,0.09802851839378729,-0.11393774785596658,-0.18120497357387233,-22.663190442471908,3.003031319908592,25,2.5730538830062244
planck18,,4.5,6000,25,100,0.18,2.2222222222222223,20.1,10000000000000.0,0.22945024024402144,-0.031889382289786876,0.0,0.131208020599308,0.06898503022216419,1.8005261209693617,-0.024742355780766574,-0.005971940646135625,0.0,1.3260017019546977,0.5,0.67,GAUSSIAN,"(1521618311, 73)",0.3454164595276301,0.2094824086408527,0.20578012124252873,0.04788395686665305,0.13825160859528685,-25.9049007101258,3.499187613224545,25,1.8293905047214194
planck18,,4.5,6000,25,100,0.18,2.2222222222222223,20.1,10000000000000.0,0.14612756175003752,0.047572906375225925,0.0,0.14589561140546478,0.17610520070468016,1.9101397812100749,-0.05754207104586298,-0.057271069037667245,0.0,0.9459234873121594,0.5,0.67,GAUSSIAN,"(1521618311, 74)",0.4006581627211455,-0.018014618927962026,-0.14059452969576886,0.007273565893109693,0.2087901264431308,-25.967320940059775,4.028037344999804,25,2.0737940526524654
planck18,,4.5,6000,25,100,0.18,2.2222222222222223,20.1,10000000000000.0,-0.12372691144236246,0.18144234092664288,0.0,0.03144201404139391,0.0598586217854616,1.8558469190183067,-0.0038606401076492266,-0.10343297704075959,0.0,1.022699078691086,0.5,0.67,GAUSSIAN,"(1521618311, 75)",0.3550002543531532,0.08197290803557912,-0.0012007130150431034,-0.056865386104926086,-0.047794760419507,-23.619386557485207,3.67833951309147,25,2.6653003233107073
planck18,,4.5,6000,25,100,0.18,2.2222222222222223,20.1,10000000000000.0,0.16460981233761465,0.13742128075559876,0.0,0.10209179106712706,-0.04339063532019342,2.0425453630929304,-0.062324201036781574,0.002597828760483797,0.0,1.0648122190233513,0.5,0.67,GAUSSIAN,"(1521618311, 76)",0.3316195143201052,0.1332771035241566,0.016242319790125102,0.002044897656047671,0.11055963940871655,-25.22896326215368,3.1792907790784604,25,1.3590794698086426
planck18,,4.5,6000,25,100,0.18,2.2222222222222223,20.1,10000000000000.0,-0.11687307977113313,0.20306959916763023,0.0,0.06449507334439157,0.011060772164574687,2.033600756608767,-0.025271029284953745,0.054532832049254444,0.0,1.2832936888205817,0.5,0.67,GAUSSIAN,"(1521618311, 77)",0.2928793363552142,0.1751647283687459,0.2465727249700149,-0.23949168439090696,0.09590658095771479,-22.083182105870648,3.4653018220231013,25,2.429259662748719
planck18,,4.5,6000,25,100,0.18,2.2222222222222223,20.1,10000000000000.0,0.25529346954651,0.06967370141257158,0.0,0.07584335370322219,-0.010832328593692606,1.9867031268272517,0.07118378271420582,-0.14318702443407996,0.0,1.244758271619897,0.5,0.67,GAUSSIAN,"(1521618311, 78)",0.3590478148794215,0.12178116842285577,0.15140356991143705,0.08628085408992817,0.062003995904341705,-23.6646605843277,3.656026464646774,25,1.6479725392907034
planck18,,4.5,6000,25,100,0.18,2.2222222222222223,20.1,10000000000000.0,0.14013531432343704,-0.03977930259842122,0.0,0.09921377014204606,-0.18343652124741436,2.2458675861944073,-0.06953908368003073,-0.041313295542355036,0.0,1.3582714919064949,0.5,0.67,GAUSSIAN,"(1521618311, 79)",0.39826743001056086,-0.26829703993426446,0.022622497836220022,0.014050665134017114,0.0068428037791728015,-25.903398117849083,2.8295373620883284,25,1.8054361000495476
planck18,,4.5,6000,25,100,0.18,2.2222222222222223,20.1,10000000000000.0,0.15649462910324,0.17262457257818806,0.0,0.029306342280691497,0.019844140679400678,2.000643363865065,-0.007058538088580026,0.04848457643021886,0.0,1.2124457532067694,0.5,0.67,GAUSSIAN,"(1521618311, 80)",0.35447534083927773,0.0740921430086091,0.45066691018497795,0.030758183750526327,0.02723840955674762,-23.03294864811432,3.642383548266027,25,2.1275128054469428
planck18,,4.5,6000,25,100,0.18,2.2222222222222223,20.1,10000000000000.0,0.22714578977472766,-0.2634333083553751,0.0,-0.11154259886257281,-0.036020035948326874,1.9697971602504987,0.04722786503111024,-0.028486850245313517,0.0,1.1082168515066355,0.5,0.67,GAUSSIAN,"(1521618311, 81)",0.3971273671953086,0.08647343702770996,-0.00724750977208035,0.08147751598669739,0.09304136307489555,-22.230687502672186,2.2762088465563157,25,2.8115916193244406
planck18,,4.5,6000,25,100,0.18,2.2222222222222223,20.1,10000000000000.0,-0.2292469360942499,-0.3474361786325747,0.0,0.10644496167371612,0.021221316716074766,1.9530956988559882,-0.02861545206057114,-0.00309935607874939,0.0,1.334393747323378,0.5,0.67,GAUSSIAN,"(1521618311, 82)",0.3060910856552807,-0.06914937627022884,0.19770297150728638,0.10153015535345798,0.007226625405005792,-24.92528130643975,2.6991747054362305,25,1.8030369636075871
planck18,,4.5,6000,25,100,0.18,2.2222222222222223,20.1,10000000000000.0,-0.12454310099248073,0.24589511814386356,0.0,0.04936667631907125,0.12452838901783819,1.8710972994941395,0.08541430609804189,-0.028728418990975686,0.0,1.0075694144424534,0.5,0.67,GAUSSIAN,"(1521618311, 83)",0.4137408383814055,-0.10758126964831602,-0.07364776448916018,-0.03570591748436682,-0.06957229381666662,-24.932430854315605,3.3789261819846237,25,2.107399031664147
planck18,,4.5,6000,25,100,0.18,2.2222222222222223,20.1,10000000000000.0,-0.18387192664533347,0.16913341969832826,0.0,0.21046186420371793,0.07033765742660665,1.70270272457679,0.0113223931105193,-0.0354969314461711,0.0,0.9023494352849212,0.5,0.67,GAUSSIAN,"(1521618311, 84)",0.31734804706957825,-0.03853656810339478,0.19707869798688296,-0.066311850164899,0.13549764031416417,-24.27874494691605,2.891279772707566,25,1.6009938298671444
planck18,,4.5,6000,25,100,0.18,2.2222222222222223,20.1,10000000000000.0,-0.0008255457553662653,-0.04082669120756327,0.0,0.07013644727894723,-0.09420585364724182,1.6932793596177669,0.1933005804477345,-0.07633509881420869,0.0,1.4448122305766158,0.5,0.67,GAUSSIAN,"(1521618311, 85)",0.31092139492647175,-0.01807363410718266,-0.07244502407116025,-0.09257924022669149,-0.22869765867878322,-21.609878895962567,2.5788607632587977,25,2.408805450628731
planck18,,4.5,6000,25,100,0.18,2.2222222222222223,20.1,10000000000000.0,0.009704982106414626,0.026321236853865483,0.0,0.03246402989080421,-0.10299927585674573,2.0291280965367404,-0.06836454375123549,-0.022593190259145867,0.0,1.2777249259881924,0.5,0.67,GAUSSIAN,"(1521618311, 86)",0.4419406039702325,0.2504728708346896,-0.1490377019315082,0.1026937033432493,-0.10368134096986084,-25.26439694003803,2.541507918825927,25,2.4692201121982236
planck18,,4.5,6000,25,100,0.18,2.2222222222222223,20.1,10000000000000.0,-0.024789255668693444,0.04465800662599555,0.0,0.012851789995045252,-0.05541372184012721,1.9622870027180375,-0.0350926520673716,0.0231937301651641,0.0,1.0249172758248517,0.5,0.67,GAUSSIAN,"(1521618311, 87)",0.36476762180825373,-0.05341199287467458,0.18987428592770494,-0.009757882197008936,0.058652041620286914,-22.27578327584551,2.809230909100188,25,2.506828962363797
planck18,,4.5,6000,25,100,0.18,2.2222222222222223,20.1,10000000000000.0,-0.0650387614659273,-0.0764918019696904,0.0,-0.04390709911484508,0.011238233976056725,2.0062556489113215,-0.10458721530366921,-0.02682469736624253,0.0,1.0188154458234586,0.5,0.67,GAUSSIAN,"(1521618311, 88)",0.312107832129279,0.0850679038780981,-0.11048311142861816,-0.01035718401588604,-0.021180724098688087,-24.577030911025297,2.637263285446771,25,1.6985827357451782
planck18,,4.5,6000,25,100,0.18,2.2222222222222223,20.1,10000000000000.0,-0.20306228358578474,-0.0940106415026818,0.0,-0.0005034107181561848,0.0680113742517744,1.9484426243823818,0.019757575907939827,-0.10363009403738455,0.0,1.2475906893959063,0.5,0.67,GAUSSIAN,"(1521618311, 89)",0.37645443426745995,-0.007075606596473553,0.0037994003090725393,-0.20472697447949037,0.19836194707451882,-22.613644739770255,2.669090995202905,25,2.088993254219874
planck18,,4.5,6000,25,100,0.18,2.2222222222222223,20.1,10000000000000.0,-0.10906992397135422,-0.15809121922392627,0.0,0.061623420539545164,0.1308778180939894,1.9341295214938485,0.03125834765504728,0.0346871748022973,0.0,1.0852924417050973,0.5,0.67,GAUSSIAN,"(1521618311, 90)",0.3504217075004283,0.18433806926579283,-0.23317559339230193,0.15787752488994702,0.04045017500689574,-21.755656206423645,2.70179463830857,25,2.140247813075522
planck18,,4.5,6000,25,100,0.18,2.2222222222222223,20.1,10000000000000.0,-0.26273005343296757,0.004561624963085224,0.0,0.03320810219089534,-0.005388238580902491,1.899352257470657,0.06855204279848857,0.04430827353938087,0.0,1.1505421795074615,0.5,0.67,GAUSSIAN,"(1521618311, 91)",0.38997479139504676,0.0686353397047818,0.11129618909264494,0.13485170472114136,-0.09254412630160264,-22.18197435436315,3.118255075317547,25,1.619995087258027
planck18,,4.5,6000,25,100,0.18,2.2222222222222223,20.1,10000000000000.0,-0.20571960170753317,-0.03205663750802818,0.0,0.03316947529657357,-0.10490790917967148,2.047940939510983,0.050494491339775086,-0.03184805513182858,0.0,1.3404655799078267,0.5,0.67,GAUSSIAN,"(1521618311, 92)",0.34014080075414904,-0.30684655626612833,0.061778936543225055,0.15706297798126598,0.12324039476544833,-22.85914164022803,3.4693247671111074,25,2.7954774863910514
planck18,,4.5,6000,25,100,0.18,2.2222222222222223,20.1,10000000000000.0,0.1685345572345614,-0.02476736072108062,0.0,-0.11231079368271052,0.13744025438639149,1.910033569467952,0.051391586479097806,-0.03953796675631775,0.0,1.281199010251729,0.5,0.67,GAUSSIAN,"(1521618311, 93)",0.36062907704296,0.09809672302537471,-0.08896452287138491,-0.03645734340584133,0.04987470191877344,-23.58300612719294,2.0878382186765725,25,2.030564164373744
planck18,,4.5,6000,25,100,0.18,2.2222222222222223,20.1,10000000000000.0,0.11510444165422863,0.12311589239303482,0.0,-0.18332646973800007,0.02902411344158558,1.9001263719925905,-0.030635521917839987,-0.0515501638533193,0.0,1.010790841799436,0.5,0.67,GAUSSIAN,"(1521618311, 94)",0.29967376232634824,0.08317568788017074,0.13560334282662753,-0.04507858116482718,-0.10096431592440976,-21.274483928377904,2.5888714009478155,25,1.896222719079288
planck18,,4.5,6000,25,100,0.18,2.2222222222222223,20.1,10000000000000.0,-0.08902123159744309,-0.07931171468036131,0.0,-0.008201878086812482,-0.06827681239028648,1.9580207998961696,0.011249365778873146,0.0243950655114608,0.0,1.2953699560969267,0.5,0.67,GAUSSIAN,"(1521618311, 95)",0.4363987603667775,0.07106840547012312,-0.15363915558864333,-0.08050002561949916,-0.05518790572389355,-22.946813787648235,2.2733290624614084,25,1.7113214202667493
planck18,,4.5,6000,25,100,0.18,2.2222222222222223,20.1,10000000000000.0,0.000893199572651741,0.04904115795800668,0.0,-0.04356635948328779,0.05747706281863096,1.914470903675045,-0.03956020700982166,-0.033311563010778145,0.0,0.7518635883131182,0.5,0.67,GAUSSIAN,"(1521618311, 96)",0.33413550521916874,0.02414700564512919,-0.07616193159014963,0.05524180400416217,0.13967584558707172,-25.881699534283896,2.6090347202961652,25,2.7142010988656273
planck18,,4.5,6000,25,100,0.18,2.2222222222222223,20.1,10000000000000.0,0.1331473143360475,0.141960048776003,0.0,0.028246031526640642,0.24841482933453152,2.0202114478443063,-0.03209006404381356,-0.02832400778530519,0.0,1.1383249179113615,0.5,0.67,GAUSSIAN,"(1521618311, 97)",0.38002915485742883,-0.2105943443319886,-0.06379270229391289,0.021975829170886956,0.08288789143181242,-25.33489899109571,2.6032471399824697,25,1.8020991502419872
planck18,,4.5,6000,25,100,0.18,2.2222222222222223,20.1,10000000000000.0,0.22340010886157888,0.08473590613136761,0.0,0.12667279326555977,0.05862797164104503,2.106293313973679,-0.025148113447986536,0.03477150853281732,0.0,0.9806794580511109,0.5,0.67,GAUSSIAN,"(1521618311, 98)",0.2808193768039243,0.08296683812654315,0.0852999860392257,0.06219696059898769,0.010727906300657349,-23.703962309406073,3.1193479914545974,25,1.158215191879843
planck18,,4.5,6000,25,100,0.18,2.2222222222222223,20.1,10000000000000.0,0.062480210842342274,-0.24210584454525602,0.0,0.032218484094058725,0.014358217453253653,1.9900719900750239,-0.040021487720965226,-0.027357524046438056,0.0,0.9033354339992321,0.5,0.67,GAUSSIAN,"(1521618311, 99)",0.38976402261719467,0.12222777724155544,0.0755373644800321,-0.044914390912829276,-0.06334667932272765,-22.767209970418463,2.2603987855404983,25,2.0298243239089815
planck18,,4.5,6000,25,100,0.18,2.2222222222222223,20.1,10000000000000.0,-0.015459206969881088,0.12527542013166934,0.0,-0.10085858935720765,-0.10506238610096333,1.797823502777971,0.010152436061541873,0.02741442657741712,0.0,1.2351206429460933,0.5,0.67,GAUSSIAN,"(1521618311, 100)",0.3583828093929248,-0.13324269387378085,0.0524425527247178,-0.002924355362287424,0.1501673411364796,-21.397467265037836,3.2679573133500117,25,2.076978491087329
planck18,,4.5,6000,25,100,0.18,2.2222222222222223,20.1,10000000000000.0,-0.0013054428069134605,0.24208968372255948,0.0,0.13563856372322844,-0.00854351573274445,2.1090418828677353,0.05757602897159993,-0.06625481397063925,0.0,1.1523784750893604,0.5,0.67,GAUSSIAN,"(1521618311, 101)",0.3624681834452772,-0.2246028597842965,-0.07465174600173984,0.03361483571906267,0.0021623176657955753,-21.573824188495525,2.7008741145993134,25,2.5620135386685217
